Model,Test R²,Test R² (std),Test RMSE,Test MAE,Train R²,Overfit Gap
gbm,0.3837241134146933,0.15019890500517807,0.43577683226265645,0.3336949030965991,0.9446802364104855,0.5609561229957922
elasticnet,0.3150057145684747,0.05745707980638695,0.4630778946573022,0.3579971752325885,0.34610769147896975,0.031101976910495044
lasso,0.286137435437599,0.05608773259107699,0.47290468834543536,0.36766222847295726,0.314729371262161,0.028591935824561987
ridge,0.18776637005208188,0.22130621728090427,0.5037130457454558,0.3768530712600646,0.4174659764265485,0.2296996063744666
linear,0.18623349224766197,0.22298610439964692,0.5041680204220265,0.37707904161645506,0.4174678716914716,0.23123437944380962
