Model,Test R²,Test R² (std),Test RMSE,Test MAE,Train R²,Overfit Gap
gbm,0.6178749336332527,0.08923968811020937,0.3432015276706609,0.2603825849075017,0.9567517848787113,0.3388768512454585
elasticnet,0.3483367543640493,0.10055656351399304,0.45134823389715795,0.33711013816856267,0.45127387746882697,0.10293712310477765
ridge,0.28777264982561024,0.12709273015958,0.47072786662343624,0.352807518707998,0.5592084111080988,0.2714357612824886
lasso,0.27408017647894467,0.12427692579711111,0.47606367692205775,0.3559619960278133,0.38771002179293496,0.11362984531399029
linear,-0.033951465485229496,0.5788638706307535,0.5491697670354637,0.38309411590703496,0.5594232243335711,0.5933746898188006
