Model,Test R²,Test R² (std),Test RMSE,Test MAE,Train R²,Overfit Gap
gbm,0.6323140491981205,0.07952294044267409,0.3371947686731837,0.25746094189754815,0.9578752475173719,0.32556119831925134
elasticnet,0.345027193975221,0.10388762377781739,0.4523354723755042,0.3381100668059081,0.4569032435150985,0.11187604953987745
ridge,0.32015256104072215,0.13896065693734413,0.4589594781169749,0.3446254247589019,0.5632499707921281,0.24309740975140598
lasso,0.27329513211974577,0.12521078107422642,0.4762916361048627,0.3561699875275969,0.3884347357566934,0.11513960363694764
linear,0.07133005831432945,0.4387180979674299,0.5244972092479873,0.37044467889111,0.5634435277394622,0.4921134694251327
