Cluster ID,Cluster,Model,CV R² (2019-2022),CV R² Std,Test R² (2023),CV RMSE,Test RMSE (2023),CV MAE,Test MAE (2023)
0,Rural,elasticnet,0.24818542998490445,0.228638663241321,0.3477428312692262,0.4210388504950983,0.4502188170459906,0.3194788408316261,0.34132091169339873
0,Rural,gbm,0.470409699702909,0.12922356472670612,0.83201396107567,0.3552938486178257,0.22848137666921842,0.2725011522652868,0.1779615040950105
1,Suburbs,elasticnet,0.43479014121457904,0.46934288279601405,0.7268266156864677,0.1896113756015077,0.19132868701999084,0.17110561822200837,0.16233819910349143
1,Suburbs,gbm,-0.17284271611728813,0.8423959309028367,0.7913143869476228,0.2731082226950591,0.16722729097223415,0.22393121528422893,0.14943577118086207
4,Urban,elasticnet,0.13829806129763314,0.37924957938098297,0.3985323443356594,0.3330598208572257,0.34013147882751515,0.26126307708237917,0.2879407634899036
4,Urban,gbm,-0.06782488617649833,0.40957253343541805,0.8240135869426258,0.3701017252785905,0.18398408539812833,0.2843430844995381,0.1428688066164813
