Model,CV R² (2019-2022),CV R² Std,Test R² (2023),CV RMSE,Test RMSE (2023),CV MAE,Test MAE (2023)
gbm,0.5937378581445557,0.09501433892075319,0.8591899025826826,0.34173915108815556,0.22894314562808904,0.25986640979469017,0.17776632231136014
ridge,0.2969984722027421,0.15249237010086178,0.5270494113727178,0.4501954258397799,0.41958372217771955,0.3381504373117055,0.32155264594282446
linear,-0.18565688555939946,0.8860033534332834,0.5269897188029848,0.5532011461937385,0.4196101998277771,0.3756202158833545,0.32152828774536146
elasticnet,0.3372026970445551,0.10813986513116873,0.3924925896738013,0.4390729552645241,0.47553943347091104,0.32770575118892953,0.3702661217705506
lasso,0.2649435847384546,0.13130846437679894,0.29226236298180697,0.4619523015402235,0.5132711948388703,0.3441216184263925,0.40320429218223686
