Model,CV R² (2019-2022),CV R² Std,Test R² (2023),CV RMSE,Test RMSE (2023),CV MAE,Test MAE (2023)
gbm,0.32168825256218303,0.17802377234690256,0.8526440192384905,0.44053251526348314,0.23420417345861308,0.33777601347189423,0.18326824248835577
linear,0.1957252265147619,0.195620935874294,0.38368690245257375,0.4848167285964779,0.47897345450408424,0.3649180547076288,0.36936174986166237
ridge,0.1975988335694319,0.19379572447986593,0.3836269633125985,0.48426209494697314,0.4789967450678066,0.3646327773023518,0.36938701323318196
elasticnet,0.31178436579369934,0.06010749572460748,0.3034623936861498,0.44793335562003883,0.509193710560762,0.3460192934103358,0.40007739155075533
lasso,0.2809074394527087,0.057924524364824634,0.258566984683816,0.4580475799348509,0.5253475443784841,0.35504634878957053,0.41924231258372713
