Model,CV R² (2019-2022),CV R² Std,Test R² (2023),CV RMSE,Test RMSE (2023),CV MAE,Test MAE (2023)
gbm,0.5937378581445557,0.09501433892075319,0.8591899025826826,0.34173915108815556,0.22894314562808904,0.25986640979469017,0.17776632231136014
ridge,0.29699847220273584,0.15249237010080627,0.5270494113727187,0.45019542583978406,0.4195837221777192,0.3381504373117105,0.321552645942824
linear,-0.1856568855606953,0.8860033534358394,0.5269897188029959,0.5532011461939345,0.41961019982777215,0.37562021588340433,0.32152828774535347
elasticnet,0.3372026970445554,0.1081398651311685,0.3924925896738013,0.439072955264524,0.47553943347091104,0.3277057511889295,0.3702661217705507
lasso,0.26494358473845486,0.1313084643767989,0.2922623629818071,0.46195230154022343,0.5132711948388703,0.3441216184263925,0.40320429218223686
