Cluster ID,Cluster,Model,CV R² (2019-2022),CV R² Std,Test R² (2023),CV RMSE,Test RMSE (2023),CV MAE,Test MAE (2023)
0,Rural,elasticnet,0.24818542998490423,0.22863866324132132,0.3477428312692262,0.4210388504950983,0.4502188170459906,0.3194788408316261,0.34132091169339873
0,Rural,gbm,0.4564452970024603,0.11648313727763843,0.8211993749416882,0.3604233739069858,0.23572124616990595,0.2789042257070117,0.18567136853216262
1,Suburbs,elasticnet,0.4347901412145802,0.4693428827960133,0.7268266156864667,0.18961137560150748,0.19132868701999114,0.1711056182220081,0.16233819910349181
1,Suburbs,gbm,-0.5147327818239459,0.9491169429694641,0.8447703814933489,0.3333723194192972,0.14422753954780346,0.2893545610296694,0.1339048951435505
4,Urban,elasticnet,0.13829806129763322,0.3792495793809824,0.3985323443356592,0.3330598208572257,0.3401314788275152,0.26126307708237917,0.28794076348990366
4,Urban,gbm,0.05243013516577695,0.38979399815347554,0.8023164195749737,0.34911114753048283,0.19499612792626247,0.27317467051617406,0.13723667703419798
